2008/6/2,2008/5/26
,
2008/5/20,2008/7/15
,
2008/7/2,2008/1/2
,
2008/6/12,2008/5/1
,
2008/8/15,2008/1/11
,
2008/4/12,2008/7/12
,
2008/10/12,2008/5/4
,
,
,
2009/9/21,2009/7/6
,
2009/3/17,2009/12/15
,
2009/4/1,2009/9/30
,
2009/7/23,2009/12/24
,
2009/9/11,2009/8/21
,
2009/8/22,2009/11/14
,
2009/5/31,2009/2/15
,
,
,
2010/8/30,2010/3/22
,
2010/11/23,2010/5/11
,
2010/7/14,2010/5/5
,
2010/1/14,2010/6/24
,
2010/11/5,2010/4/9
,
2010/11/13,2010/6/19
,
2010/4/11,2010/6/27
,
,
,
2011/4/25,2011/10/3
,
2011/11/1,2011/10/25
,
2011/6/1,2011/2/2
,
2011/3/17,2011/4/7
,
2011/11/11,2011/2/11
,
2011/4/2,2011/8/13
,
2011/7/31,2011/10/23
,
,
,
2012/9/17,2012/11/5
,
2012/1/3,2012/5/29
,
2012/7/18,2012/2/29
,
2012/7/5,2012/3/15
,
2012/3/23,2012/4/27
,
2012/3/24,2012/9/15
,
2012/12/9,2012/1/15
,
,
,
2013/9/16,2013/10/28
,
2013/4/16,2013/6/11
,
2013/6/19,2013/4/3
,
2013/8/15,2013/9/26
,
2013/11/29,2013/8/16
,
2013/3/16,2013/11/30
,
2013/7/21,2013/9/22
,
,
,
2014/2/10,2014/6/23
,
2014/4/1,2014/1/7
,
2014/7/23,2014/8/20
,
2014/11/13,2014/3/6
,
2014/6/13,2014/12/12
,
2014/10/11,2014/5/31
,
2014/1/12,2014/3/9
,
,
,
2015/8/31,2015/3/30
,
2015/12/1,2015/12/22
,
2015/11/18,2015/6/3
,
2015/10/15,2015/1/22
,
2015/7/10,2015/7/24
,
2015/2/28,2015/8/29
,
2015/8/16,2015/9/27
,
,
,
2016/12/12,2016/6/6
,
2016/5/24,2016/2/2
,
2016/6/15,2016/12/14
,
2016/7/7,2016/7/21
,
2016/10/14,2016/8/26
,
2016/4/16,2016/6/25
,
2016/8/14,2016/11/27
,
,
,
2017/6/26,2017/1/2
,
2017/12/12,2017/12/5
,
2017/3/29,2017/10/4
,
2017/11/2,2017/5/11
,
2017/12/8,2017/2/24
,
2017/12/23,2017/7/1
,
2017/4/23,2017/2/12